Workbook

Sheet Metadata
A1: Weather Code | D1: Wait Time Codes | G1: Summary
A2: 0 | B2: Clear | D2: 0 | E2: Delayed | G2: Data was gathered using the Universal Orlando Resort Application.
A3: 1 | B3: Raining | G3: Wait times were documented within 5 minutes of the hour mark.
A4: 2 | B4: Storms resulting in delays

Sheet 522
B1: Ride Names | Q1: Average Wait Time for Given Ride
A3: Wait Times | C3: 9 A.M. | D3: 10 A.M. | E3: 11 A.M. | F3: 12 P.M. | G3: 1 P.M. | H3: 2 P.M. | I3: 3 P.M. | J3: 4 P.M. | K3: 5 P.M. | L3: 6 P.M. | M3: 7 P.M. | N3: 8 P.M. | O3: 9 P.M. | P3: 10 P.M.
B4: Constellation Carousel | C4: 5 | D4: 5 | E4: 5 | F4: 10 | G4: 5 | H4: 5 | I4: 5 | J4: 5 | K4: 5 | L4: 5 | M4: 5 | N4: 5 | O4: 20 | P4: 35 | Q4: =AVERAGEIF(A4:P4,"<>-1",A4:P14) -> 8.5714286
B5: Curse of the Werewolf | C5: 20 | D5: 5 | E5: 5 | F5: 15 | G5: 25 | H5: 10 | I5: 25 | J5: 10 | K5: 5 | L5: 5 | M5: 5 | N5: 5 | O5: 15 | P5: 5 | Q5: =AVERAGEIF(A5:P5,"<>-1",A5:P15) -> 11.071429
B6: Dragon Racer's Rally | C6: 10 | D6: 5 | E6: 5 | F6: 25 | G6: 10 | H6: 5 | I6: 10 | J6: 5 | K6: 5 | L6: 5 | M6: 15 | N6: 15 | O6: 15 | P6: 15 | Q6: =AVERAGEIF(A6:P6,"<>-1",A6:P16) -> 10.357143
B7: Fyre Drill | C7: 10 | D7: 10 | E7: 5 | F7: 5 | G7: 15 | H7: 5 | I7: 5 | J7: 5 | K7: 5 | L7: 5 | M7: 5 | N7: 5 | O7: 5 | P7: 5 | Q7: =AVERAGEIF(A7:P7,"<>-1",A7:P17) -> 6.4285714
B8: Battle At Ministry | C8: 300 | D8: 0 | E8: 0 | F8: 0 | G8: 0 | H8: 0 | I8: 0 | J8: 240 | K8: 240 | L8: 180 | M8: 150 | N8: 100 | O8: 90 | P8: 65 | Q8: =AVERAGEIF(A8:P8,"<>-1",A8:P18) -> 97.5
B9: Hiccup's Wing Gliders | C9: 10 | D9: 5 | E9: 5 | F9: 5 | G9: 10 | H9: 5 | I9: 5 | J9: 25 | K9: 5 | L9: 5 | M9: 5 | N9: 5 | O9: 5 | P9: 5 | Q9: =AVERAGEIF(A9:P9,"<>-1",A9:P19) -> 7.1428571
B10: Mario Kart: Bowser's Challenge | C10: 15 | D10: 25 | E10: 45 | F10: 45 | G10: 15 | H10: 25 | I10: 25 | J10: 35 | K10: 0 | L10: 10 | M10: 10 | N10: 10 | O10: 10 | P10: 10 | Q10: =AVERAGEIF(A10:P10,"<>-1",A10:P20) -> 20
B11: Mine-Cart Madness | C11: 25 | D11: 35 | E11: 25 | F11: 15 | G11: 10 | H11: 10 | I11: 10 | J11: 10 | K11: 10 | L11: 10 | M11: 5 | N11: 5 | O11: 10 | P11: 5 | Q11: =AVERAGEIF(A11:P11,"<>-1",A11:P21) -> 13.214286
B12: Monsters Unchained | C12: 20 | D12: 35 | E12: 20 | F12: 20 | G12: 10 | H12: 10 | I12: 20 | J12: 10 | K12: 10 | L12: 15 | M12: 15 | N12: 20 | O12: 10 | P12: 10 | Q12: =AVERAGEIF(A12:P12,"<>-1",A12:P22) -> 16.071429
B13: Stardust Racers | C13: 15 | D13: 15 | E13: 15 | F13: 15 | G13: 15 | H13: 15 | I13: 15 | J13: 15 | K13: 15 | L13: 15 | M13: 15 | N13: 15 | O13: 15 | P13: 15 | Q13: =AVERAGEIF(A13:P13,"<>-1",A13:P23) -> 15
B14: Yoshi's Adventure | C14: 5 | D14: 5 | E14: 5 | F14: 5 | G14: 5 | H14: 5 | I14: 5 | J14: 5 | K14: 5 | L14: 5 | M14: 5 | N14: 5 | O14: 5 | P14: 5 | Q14: =AVERAGEIF(A14:P14,"<>-1",A14:P24) -> 5
B15: Weather | C15: 0 | D15: 0 | E15: 0 | F15: 0 | G15: 0 | H15: 0 | I15: 0 | J15: 0 | K15: 0 | L15: 0 | M15: 0 | N15: 0 | O15: 0 | P15: 0 | Q15: =AVERAGEIF(A15:P15,"<>-1",A15:P25) -> 0
A16: Average Wait Time For Time | C16: =AVERAGEIF(C4:C14,"<>0",C4:C14) -> 39.545455 | D16: =AVERAGEIF(D4:D14,"<>0",D4:D14) -> 14.5 | E16: =AVERAGEIF(E4:E14,"<>0",E4:E14) -> 13.5 | F16: =AVERAGEIF(F4:F14,"<>0",F4:F14) -> 16 | G16: =AVERAGEIF(G4:G14,"<>0",G4:G14) -> 12 | H16: =AVERAGEIF(H4:H14,"<>0",H4:H14) -> 9.5 | I16: =AVERAGEIF(I4:I14,"<>0",I4:I14) -> 12.5 | J16: =AVERAGEIF(J4:J14,"<>0",J4:J14) -> 33.181818 | ... P16: =AVERAGEIF(P4:P14,"<>0",P4:P14) -> 15.909091

Sheet 523
B1: Ride Names
A2: Wait Times | C2: 9 A.M. | D2: 10 A.M. | E2: 11 A.M. | F2: 12 P.M. | G2: 1 P.M. | H2: 2 P.M. | I2: 3 P.M. | J2: 4 P.M. | K2: 5 P.M. | L2: 6 P.M. | M2: 7 P.M. | N2: 8 P.M. | O2: 9 P.M. | P2: 10 P.M.
B3: Constellation Carousel | C3: 5 | D3: 5 | E3: 5 | F3: 5 | G3: 5 | H3: 5 | I3: 5 | J3: 5 | K3: 5 | L3: 5 | M3: 5 | N3: 5 | O3: 25 | P3: 35 | Q3: =AVERAGEIF(B3:P3,"<>-1",B3:P13) -> 8.5714286
B4: Curse of the Werewolf | C4: 5 | D4: 15 | E4: 25 | F4: 35 | G4: 20 | H4: 35 | I4: 15 | J4: 25 | K4: 40 | L4: 25 | M4: 25 | N4: 25 | O4: 25 | P4: 15 | Q4: =AVERAGEIF(B4:P4,"<>-1",B4:P14) -> 23.571429
B5: Dragon Racer's Rally | C5: 10 | D5: 10 | E5: 20 | F5: 20 | G5: 20 | H5: 10 | I5: 10 | J5: 55 | K5: 10 | L5: 10 | M5: 10 | N5: 10 | O5: 10 | P5: 10 | Q5: =AVERAGEIF(B5:P5,"<>-1",B5:P15) -> 15.357143
B6: Fyre Drill | C6: 0 | D6: 5 | E6: 5 | F6: 5 | G6: 10 | H6: 5 | I6: 10 | J6: 10 | K6: 25 | L6: 0 | M6: 0 | N6: 0 | O6: 5 | P6: 5 | Q6: =AVERAGEIF(B6:P6,"<>-1",B6:P16) -> 6.0714286
B7: Battle At Ministry | C7: 0 | D7: 195 | E7: 150 | F7: 60 | G7: 90 | H7: 75 | I7: 60 | J7: 60 | K7: 50 | L7: 45 | M7: 35 | N7: 45 | O7: 25 | P7: 35 | Q7: =AVERAGEIF(B7:P7,"<>-1",B7:P17) -> 66.071429
B8: Hiccup's Wing Gliders | C8: 15 | D8: 5 | E8: 5 | F8: 5 | G8: 5 | H8: 10 | I8: 10 | J8: 10 | K8: 5 | L8: 5 | M8: 5 | N8: 5 | O8: 5 | P8: 5 | Q8: =AVERAGEIF(B8:P8,"<>-1",B8:P18) -> 6.7857143
B9: Mario Kart: Bowser's Challenge | C9: 55 | D9: 75 | E9: 65 | F9: 45 | G9: 0 | H9: 50 | I9: 40 | J9: 45 | K9: 25 | L9: 35 | M9: 20 | N9: 15 | O9: 15 | P9: 0 | Q9: =AVERAGEIF(B9:P9,"<>-1",B9:P19) -> 34.642857
B10: Mine-Cart Madness | C10: 35 | D10: 35 | E10: 20 | F10: 35 | G10: 45 | H10: 10 | I10: 25 | J10: 25 | K10: 25 | L10: 0 | M10: 0 | N10: 15 | O10: 30 | P10: 0 | Q10: =AVERAGEIF(B10:P10,"<>-1",B10:P20) -> 21.428571
B11: Monsters Unchained | C11: 10 | D11: 10 | E11: 20 | F11: 10 | G11: 35 | H11: 10 | I11: 10 | J11: 10 | K11: 10 | L11: 10 | M11: 10 | N11: 10 | O11: 10 | P11: 10 | Q11: =AVERAGEIF(B11:P11,"<>-1",B11:P21) -> 12.5
B12: Stardust Racers | C12: 15 | D12: 60 | E12: 25 | F12: 15 | G12: 15 | H12: 15 | I12: 15 | J12: 15 | K12: 15 | L12: 15 | M12: 15 | N12: 15 | O12: 15 | P12: 35 | Q12: =AVERAGEIF(B12:P12,"<>-1",B12:P22) -> 20.357143
B13: Yoshi's Adventure | C13: 10 | D13: 10 | E13: 10 | F13: 10 | G13: 10 | H13: 10 | I13: 5 | J13: 5 | K13: 5 | L13: 5 | M13: 5 | N13: 0 | O13: 5 | P13: 5 | Q13: =AVERAGEIF(B13:P13,"<>-1",B13:P23) -> 6.7857143
B14: Weather | C14: 0 | D14: 0 | E14: 0 | F14: 0 | G14: 0 | H14: 0 | I14: 0 | J14: 0 | K14: 0 | L14: 0 | M14: 0 | N14: 0 | O14: 0
A15: Average Wait Time For Time | C15: =AVERAGEIF(C3:C13,"<>-1",C3:C13) -> 14.545455 | D15: =AVERAGEIF(D3:D13,"<>-1",D3:D13) -> 38.636364 | E15: =AVERAGEIF(E3:E13,"<>-1",E3:E13) -> 31.818182 | F15: =AVERAGEIF(F3:F13,"<>-1",F3:F13) -> 22.272727 | G15: =AVERAGEIF(G3:G13,"<>-1",G3:G13) -> 23.181818 | H15: =AVERAGEIF(H3:H13,"<>-1",H3:H13) -> 21.363636 | I15: =AVERAGEIF(I3:I13,"<>-1",I3:I13) -> 18.636364 | J15: =AVERAGEIF(J3:J13,"<>-1",J3:J13) -> 24.090909 | ... P15: =AVERAGEIF(P3:P13,"<>-1",P3:P13) -> 14.090909

Sheet 524
B1: Ride Names
A2: Wait Times | C2: 9 A.M. | D2: 10 A.M. | E2: 11 A.M. | F2: 12 P.M. | G2: 1 P.M. | H2: 2 P.M. | I2: 3 P.M. | J2: 4 P.M. | K2: 5 P.M. | L2: 6 P.M. | M2: 7 P.M. | N2: 8 P.M. | O2: 9 P.M. | P2: 10 P.M. | Q2: Average Wait Time for Given Ride
B3: Constellation Carousel | C3: 5 | D3: 5 | E3: 5 | F3: 5 | G3: 5 | H3: 5 | I3: 5 | J3: 10 | K3: 10 | L3: 5 | M3: 10 | N3: 15 | O3: 30 | P3: 15 | Q3: =AVERAGEIF(B3:P3,"<>-1",B3:P13) -> 9.2857143
B4: Curse of the Werewolf | C4: 5 | D4: 5 | E4: 5 | F4: 15 | G4: 15 | H4: 20 | I4: 0 | J4: 0 | K4: 35 | L4: 25 | M4: 0 | N4: 0 | O4: 20 | P4: 10 | Q4: =AVERAGEIF(B4:P4,"<>-1",B4:P14) -> 11.071429
B5: Dragon Racer's Rally | C5: 10 | D5: 10 | E5: 20 | F5: 15 | G5: 50 | H5: 25 | I5: 0 | J5: 10 | K5: 20 | L5: 35 | M5: 0 | N5: 10 | O5: 20 | P5: 5 | Q5: =AVERAGEIF(B5:P5,"<>-1",B5:P15) -> 16.428571
B6: Fyre Drill | C6: 5 | D6: 5 | E6: 5 | F6: 25 | G6: 25 | H6: 35 | I6: 0 | J6: 0 | K6: 5 | L6: 5 | M6: 0 | N6: 5 | O6: 5 | P6: 5 | Q6: =AVERAGEIF(B6:P6,"<>-1",B6:P16) -> 8.9285714
B7: Battle At Ministry | C7: 120 | D7: 90 | E7: 60 | F7: 0 | G7: 0 | H7: 45 | I7: 60 | J7: 150 | K7: 90 | L7: 75 | M7: 60 | N7: 60 | O7: 35 | P7: 35 | Q7: =AVERAGEIF(B7:P7,"<>-1",B7:P17) -> 62.857143
B8: Hiccup's Wing Gliders | C8: 5 | D8: 5 | E8: 5 | F8: 5 | G8: 5 | H8: 5 | I8: 0 | J8: 0 | K8: 5 | L8: 5 | M8: 0 | N8: 5 | O8: 5 | P8: 5 | Q8: =AVERAGEIF(B8:P8,"<>-1",B8:P18) -> 3.9285714
B9: Mario Kart: Bowser's Challenge | C9: 45 | D9: 45 | E9: 60 | F9: 60 | G9: 35 | H9: 60 | I9: 45 | J9: 25 | K9: 0 | L9: 15 | M9: 15 | N9: 15 | O9: 15 | P9: 10 | Q9: =AVERAGEIF(B9:P9,"<>-1",B9:P19) -> 31.785714
B10: Mine-Cart Madness | C10: 25 | D10: 25 | E10: 35 | F10: 35 | G10: 15 | H10: 0 | I10: 0 | J10: 0 | K10: 35 | L10: 35 | M10: 0 | N10: 35 | O10: 10 | P10: 10 | Q10: =AVERAGEIF(B10:P10,"<>-1",B10:P20) -> 18.571429
B11: Monsters Unchained | C11: 10 | D11: 10 | E11: 10 | F11: 10 | G11: 10 | H11: 10 | I11: 10 | J11: 10 | K11: 10 | L11: 10 | M11: 10 | N11: 10 | O11: 10 | P11: 10 | Q11: =AVERAGEIF(B11:P11,"<>-1",B11:P21) -> 10
B12: Stardust Racers | C12: 10 | D12: 10 | E12: 0 | F12: 15 | G12: 15 | H12: 15 | I12: 0 | J12: 0 | K12: 15 | L12: 15 | M12: 0 | N12: 15 | O12: 25 | P12: 25 | Q12: =AVERAGEIF(B12:P12,"<>-1",B12:P22) -> 11.428571
B13: Yoshi's Adventure | C13: 5 | D13: 5 | E13: 15 | F13: 15 | G13: 10 | H13: 5 | I13: 0 | J13: 0 | K13: 15 | L13: 10 | M13: 0 | N13: 10 | O13: 10 | P13: 10 | Q13: =AVERAGEIF(B13:P13,"<>-1",B13:P23) -> 7.8571429
B14: Weather | C14: 0 | D14: 0 | E14: 0 | F14: 0 | G14: 0 | H14: 0 | I14: 2 | J14: 2 | K14: 1 | L14: 1 | M14: 2 | N14: 0 | O14: 0 | P14: 0
A15: Average Wait Time For Time | C15: =AVERAGEIF(C3:C13,"<>-1",C3:C13) -> 22.272727 | D15: =AVERAGEIF(D3:D13,"<>-1",D3:D13) -> 19.545455 | E15: =AVERAGEIF(E3:E13,"<>-1",E3:E13) -> 20 | F15: =AVERAGEIF(F3:F13,"<>-1",F3:F13) -> 18.181818 | G15: =AVERAGEIF(G3:G13,"<>-1",G3:G13) -> 16.818182 | H15: =AVERAGEIF(H3:H13,"<>-1",H3:H13) -> 20.454545 | I15: =AVERAGEIF(I3:I13,"<>-1",I3:I13) -> 10.909091 | J15: =AVERAGEIF(J3:J13,"<>-1",J3:J13) -> 18.636364 | ... P15: =AVERAGEIF(P3:P13,"<>-1",P3:P13) -> 12.727273

Sheet 525
B1: Ride Names
A2: Wait Times | C2: 9 A.M. | D2: 10 A.M. | E2: 11 A.M. | F2: 12 P.M. | G2: 1 P.M. | H2: 2 P.M. | I2: 3 P.M. | J2: 4 P.M. | K2: 5 P.M. | L2: 6 P.M. | M2: 7 P.M. | N2: 8 P.M. | O2: 9 P.M. | P2: 10 P.M. | Q2: Average Wait Time for Given Ride
B3: Constellation Carousel | C3: 5 | D3: 5 | E3: 0 | F3: 5 | G3: 15 | H3: 25 | I3: 5 | J3: 10 | K3: 10 | L3: 35 | M3: 20 | N3: 35 | O3: 35 | P3: 20 | Q3: =AVERAGEIF(B3:P3,"<>-1",B3:P13) -> 16.071429
B4: Curse of the Werewolf | C4: 5 | D4: 20 | E4: 25 | F4: 35 | G4: 35 | H4: 35 | I4: 25 | J4: 25 | K4: 0 | L4: 0 | M4: 0 | N4: 0 | O4: 0 | P4: 40 | Q4: =AVERAGEIF(B4:P4,"<>-1",B4:P14) -> 17.5
B5: Dragon Racer's Rally | C5: 5 | D5: 25 | E5: 35 | F5: 35 | G5: 55 | H5: 35 | I5: 50 | J5: 10 | K5: 0 | L5: 0 | M5: 0 | N5: 0 | O5: 0 | P5: 10 | Q5: =AVERAGEIF(B5:P5,"<>-1",B5:P15) -> 18.571429
B6: Fyre Drill | C6: 5 | D6: 5 | E6: 10 | F6: 25 | G6: 0 | H6: 35 | I6: 25 | J6: 20 | K6: 0 | L6: 0 | M6: 0 | N6: 0 | O6: 0 | P6: 5 | Q6: =AVERAGEIF(B6:P6,"<>-1",B6:P16) -> 9.2857143
B7: Battle At Ministry | C7: 75 | D7: 90 | E7: 90 | F7: 90 | G7: 90 | H7: 90 | I7: 120 | J7: 90 | K7: 100 | L7: 120 | M7: 90 | N7: 75 | O7: 75 | P7: 10 | Q7: =AVERAGEIF(B7:P7,"<>-1",B7:P17) -> 86.071429
B8: Hiccup's Wing Gliders | C8: 5 | D8: 20 | E8: 20 | F8: 25 | G8: 40 | H8: 35 | I8: 0 | J8: 15 | K8: 0 | L8: 0 | M8: 0 | N8: 0 | O8: 0 | P8: 45 | Q8: =AVERAGEIF(B8:P8,"<>-1",B8:P18) -> 14.642857
B9: Mario Kart: Bowser's Challenge | C9: 60 | D9: 45 | E9: 75 | F9: 90 | G9: 50 | H9: 50 | I9: 50 | J9: 50 | K9: 50 | L9: 70 | M9: 25 | N9: 20 | O9: 20 | P9: 15 | Q9: =AVERAGEIF(B9:P9,"<>-1",B9:P19) -> 47.857143
B10: Mine-Cart Madness | C10: 45 | D10: 35 | E10: 55 | F10: 55 | G10: 55 | H10: 55 | I10: 45 | J10: 45 | K10: 0 | L10: 0 | M10: 0 | N10: 0 | O10: 0 | P10: 0 | Q10: =AVERAGEIF(B10:P10,"<>-1",B10:P20) -> 27.857143
B11: Monsters Unchained | C11: 15 | D11: 15 | E11: 15 | F11: 20 | G11: 20 | H11: 10 | I11: 35 | J11: 35 | K11: 20 | L11: 15 | M11: 10 | N11: 20 | O11: 20 | P11: 15 | Q11: =AVERAGEIF(B11:P11,"<>-1",B11:P21) -> 18.928571
B12: Stardust Racers | C12: 15 | D12: 15 | E12: 15 | F12: 15 | G12: 15 | H12: 15 | I12: 15 | J12: 15 | K12: 0 | L12: 0 | M12: 0 | N12: 0 | O12: 0 | P12: 20 | Q12: =AVERAGEIF(B12:P12,"<>-1",B12:P22) -> 10
B13: Yoshi's Adventure | C13: 0 | D13: 35 | E13: 35 | F13: 15 | G13: 0 | H13: 25 | I13: 35 | J13: 25 | K13: 0 | L13: 0 | M13: 0 | N13: 0 | O13: 0 | P13: 5 | Q13: =AVERAGEIF(B13:P13,"<>-1",B13:P23) -> 12.5
B14: Weather | C14: 0 | D14: 0 | E14: 0 | F14: 0 | G14: 0 | H14: 0 | I14: 0 | J14: 0 | K14: 2 | L14: 2 | M14: 2 | N14: 2 | O14: 2 | P14: 0
A15: Average Wait Time For Time | C15: =AVERAGEIF(C3:C13,"<>-1",C3:C13) -> 21.363636 | D15: =AVERAGEIF(D3:D13,"<>-1",D3:D13) -> 28.181818 | E15: =AVERAGEIF(E3:E13,"<>-1",E3:E13) -> 34.090909 | F15: =AVERAGEIF(F3:F13,"<>-1",F3:F13) -> 37.272727 | G15: =AVERAGEIF(G3:G13,"<>-1",G3:G13) -> 34.090909 | H15: =AVERAGEIF(H3:H13,"<>-1",H3:H13) -> 37.272727 | I15: =AVERAGEIF(I3:I13,"<>-1",I3:I13) -> 36.818182 | J15: =AVERAGEIF(J3:J13,"<>-1",J3:J13) -> 30.909091 | ... P15: =AVERAGEIF(P3:P13,"<>-1",P3:P13) -> 16.818182

Sheet 526
B1: Ride Names
A2: Wait Times | C2: 9 A.M. | D2: 10 A.M. | E2: 11 A.M. | F2: 12 P.M. | G2: 1 P.M. | H2: 2 P.M. | I2: 3 P.M. | J2: 4 P.M. | K2: 5 P.M. | L2: 6 P.M. | M2: 7 P.M. | N2: 8 P.M. | O2: 9 P.M. | P2: 10 P.M. | Q2: Average Wait Time for Given Ride
B3: Constellation Carousel | C3: 5 | D3: 5 | E3: 5 | F3: 10 | G3: 10 | H3: 5 | I3: 5 | J3: 5 | K3: 5 | L3: 10 | M3: 5 | N3: 10 | O3: 5 | P3: 20 | Q3: =AVERAGEIF(B3:P3,"<>-1",B3:P13) -> 7.5
B4: Curse of the Werewolf | C4: 5 | D4: 10 | E4: 15 | F4: 25 | G4: 25 | H4: 25 | I4: 45 | J4: 25 | K4: 15 | L4: 0 | M4: 25 | N4: 0 | O4: 0 | P4: 0 | Q4: =AVERAGEIF(B4:P4,"<>-1",B4:P14) -> 15.357143
B5: Dragon Racer's Rally | C5: 10 | D5: 50 | E5: 45 | F5: 60 | G5: 45 | H5: 25 | I5: 50 | J5: 35 | K5: 25 | L5: 0 | M5: 10 | N5: 0 | O5: 0 | P5: 0 | Q5: =AVERAGEIF(B5:P5,"<>-1",B5:P15) -> 25.357143
B6: Fyre Drill | C6: 0 | D6: 5 | E6: 0 | F6: 15 | G6: 15 | H6: 15 | I6: 15 | J6: 15 | K6: 5 | L6: 0 | M6: 5 | N6: 0 | O6: 0 | P6: 0 | Q6: =AVERAGEIF(B6:P6,"<>-1",B6:P16) -> 6.4285714
B7: Battle At Ministry | C7: 0 | D7: 140 | E7: 100 | F7: 90 | G7: 75 | H7: 75 | I7: 90 | J7: 65 | K7: 70 | L7: 80 | M7: 40 | N7: 40 | O7: 40 | P7: 15 | Q7: =AVERAGEIF(B7:P7,"<>-1",B7:P17) -> 65.714286
B8: Hiccup's Wing Gliders | C8: 0 | D8: 15 | E8: 10 | F8: 10 | G8: 10 | H8: 10 | I8: 10 | J8: 10 | K8: 10 | L8: 0 | M8: 15 | N8: 0 | O8: 0 | P8: 0 | Q8: =AVERAGEIF(B8:P8,"<>-1",B8:P18) -> 7.1428571
B9: Mario Kart: Bowser's Challenge | C9: 0 | D9: 60 | E9: 0 | F9: 45 | G9: 45 | H9: 55 | I9: 0 | J9: 55 | K9: 50 | L9: 60 | M9: 25 | N9: 35 | O9: 15 | P9: 15 | Q9: =AVERAGEIF(B9:P9,"<>-1",B9:P19) -> 32.857143
B10: Mine-Cart Madness | C10: 0 | D10: 35 | E10: 65 | F10: 70 | G10: 55 | H10: 50 | I10: 40 | J10: 45 | K10: 45 | L10: 0 | M10: 0 | N10: 0 | O10: 0 | P10: 0 | Q10: =AVERAGEIF(B10:P10,"<>-1",B10:P20) -> 28.928571
B11: Monsters Unchained | C11: 15 | D11: 15 | E11: 10 | F11: 10 | G11: 20 | H11: 25 | I11: 25 | J11: 15 | K11: 15 | L11: 35 | M11: 10 | N11: 15 | O11: 15 | P11: 15 | Q11: =AVERAGEIF(B11:P11,"<>-1",B11:P21) -> 17.142857
B12: Stardust Racers | C12: 10 | D12: 10 | E12: 20 | F12: 25 | G12: 20 | H12: 10 | I12: 10 | J12: 15 | K12: 15 | L12: 0 | M12: 0 | N12: 0 | O12: 0 | P12: 0 | Q12: =AVERAGEIF(B12:P12,"<>-1",B12:P22) -> 9.6428571
B13: Yoshi's Adventure | C13: 10 | D13: 10 | E13: 40 | F13: 10 | G13: 10 | H13: 10 | I13: 10 | J13: 5 | K13: 5 | L13: 0 | M13: 5 | N13: 0 | O13: 0 | P13: 0 | Q13: =AVERAGEIF(B13:P13,"<>-1",B13:P23) -> 8.2142857
B14: Weather | C14: 0 | D14: 0 | E14: 0 | F14: 0 | G14: 0 | H14: 0 | I14: 0 | J14: 0 | K14: 0 | L14: 2 | M14: 2 | N14: 2 | O14: 2 | P14: 2
A15: Average Wait Time For Time | C15: =AVERAGEIF(C3:C13,"<>-1",C3:C13) -> 5 | D15: =AVERAGEIF(D3:D13,"<>-1",D3:D13) -> 32.272727 | E15: =AVERAGEIF(E3:E13,"<>-1",E3:E13) -> 28.181818 | F15: =AVERAGEIF(F3:F13,"<>-1",F3:F13) -> 33.636364 | G15: =AVERAGEIF(G3:G13,"<>-1",G3:G13) -> 30 | H15: =AVERAGEIF(H3:H13,"<>-1",H3:H13) -> 27.727273 | I15: =AVERAGEIF(I3:I13,"<>-1",I3:I13) -> 27.272727 | J15: =AVERAGEIF(J3:J13,"<>-1",J3:J13) -> 26.363636 | ... P15: =AVERAGEIF(P3:P13,"<>-1",P3:P13) -> 5.9090909

Sheet 527
B1: Ride Names
A2: Wait Times | C2: 9 A.M. | D2: 10 A.M. | E2: 11 A.M. | F2: 12 P.M. | G2: 1 P.M. | H2: 2 P.M. | I2: 3 P.M. | J2: 4 P.M. | K2: 5 P.M. | L2: 6 P.M. | M2: 7 P.M. | N2: 8 P.M. | O2: 9 P.M. | P2: 10 P.M. | Q2: Average Wait Time for Given Ride
B3: Constellation Carousel | C3: 5 | D3: 5 | E3: 5 | F3: 25 | G3: 10 | H3: 20 | I3: 20 | J3: 10 | K3: 15 | L3: 15 | M3: 10 | N3: 20 | O3: 0 | P3: 0 | Q3: =AVERAGEIF(B3:P3,"<>-1",B3:P13) -> 11.428571
B4: Curse of the Werewolf | C4: 5 | D4: 45 | E4: 55 | F4: 75 | G4: 60 | H4: 60 | I4: 60 | J4: 60 | K4: 45 | L4: 45 | M4: 60 | N4: 0 | O4: 0 | P4: 0 | Q4: =AVERAGEIF(B4:P4,"<>-1",B4:P14) -> 40.714286
B5: Dragon Racer's Rally | C5: 5 | D5: 55 | E5: 40 | F5: 50 | G5: 50 | H5: 45 | I5: 35 | J5: 35 | K5: 35 | L5: 35 | M5: 0 | N5: 0 | O5: 0 | P5: 0 | Q5: =AVERAGEIF(B5:P5,"<>-1",B5:P15) -> 27.5
B6: Fyre Drill | C6: 5 | D6: 45 | E6: 60 | F6: 60 | G6: 45 | H6: 25 | I6: 60 | J6: 15 | K6: 35 | L6: 35 | M6: 0 | N6: 0 | O6: 0 | P6: 0 | Q6: =AVERAGEIF(B6:P6,"<>-1",B6:P16) -> 27.5
B7: Battle At Ministry | C7: 150 | D7: 150 | E7: 100 | F7: 120 | G7: 120 | H7: 150 | I7: 135 | J7: 0 | K7: 165 | L7: 165 | M7: 190 | N7: 300 | O7: 300 | P7: 300 | Q7: =AVERAGEIF(B7:P7,"<>-1",B7:P17) -> 167.5
B8: Hiccup's Wing Gliders | C8: 25 | D8: 40 | E8: 45 | F8: 60 | G8: 60 | H8: 35 | I8: 35 | J8: 40 | K8: 20 | L8: 20 | M8: 0 | N8: 0 | O8: 0 | P8: 0 | Q8: =AVERAGEIF(B8:P8,"<>-1",B8:P18) -> 27.142857
B9: Mario Kart: Bowser's Challenge | C9: 90 | D9: 115 | E9: 115 | F9: 90 | G9: 90 | H9: 110 | I9: 90 | J9: 90 | K9: 105 | L9: 105 | M9: 60 | N9: 95 | O9: 40 | P9: 30 | Q9: =AVERAGEIF(B9:P9,"<>-1",B9:P19) -> 87.5
B10: Mine-Cart Madness | C10: 120 | D10: 50 | E10: 0 | F10: 55 | G10: 60 | H10: 65 | I10: 65 | J10: 75 | K10: 55 | L10: 55 | M10: 0 | N10: 0 | O10: 0 | P10: 0 | Q10: =AVERAGEIF(B10:P10,"<>-1",B10:P20) -> 42.857143
B11: Monsters Unchained | C11: 0 | D11: 35 | E11: 25 | F11: 35 | G11: 25 | H11: 15 | I11: 15 | J11: 10 | K11: 10 | L11: 10 | M11: 10 | N11: 20 | O11: 10 | P11: 10 | Q11: =AVERAGEIF(B11:P11,"<>-1",B11:P21) -> 16.428571
B12: Stardust Racers | C12: 35 | D12: 35 | E12: 45 | F12: 25 | G12: 35 | H12: 35 | I12: 15 | J12: 15 | K12: 25 | L12: 25 | M12: 0 | N12: 0 | O12: 0 | P12: 0 | Q12: =AVERAGEIF(B12:P12,"<>-1",B12:P22) -> 20.714286
B13: Yoshi's Adventure | C13: 0 | D13: 35 | E13: 50 | F13: 0 | G13: 15 | H13: 50 | I13: 30 | J13: 30 | K13: 45 | L13: 45 | M13: 0 | N13: 0 | O13: 0 | P13: 0 | Q13: =AVERAGEIF(B13:P13,"<>-1",B13:P23) -> 21.428571
B14: Weather | C14: 0 | D14: 0 | E14: 0 | F14: 0 | G14: 0 | H14: 0 | I14: 0 | J14: 0 | K14: 0 | L14: 0 | M14: 2 | N14: 2 | O14: 2 | P14: 2
A15: Average Wait Time For Time | C15: =AVERAGEIF(C3:C13,"<>-1",C3:C13) -> 40 | D15: =AVERAGEIF(D3:D13,"<>-1",D3:D13) -> 55.454545 | E15: =AVERAGEIF(E3:E13,"<>-1",E3:E13) -> 49.090909 | F15: =AVERAGEIF(F3:F13,"<>-1",F3:F13) -> 54.090909 | G15: =AVERAGEIF(G3:G13,"<>-1",G3:G13) -> 51.818182 | H15: =AVERAGEIF(H3:H13,"<>-1",H3:H13) -> 55.454545 | I15: =AVERAGEIF(I3:I13,"<>-1",I3:I13) -> 50.909091 | J15: =AVERAGEIF(J3:J13,"<>-1",J3:J13) -> 34.545455 | ... P15: =AVERAGEIF(P3:P13,"<>-1",P3:P13) -> 30.909091

Sheet 528
B1: Ride Names
A2: Wait Times | C2: 9 A.M. | D2: 10 A.M. | E2: 11 A.M. | F2: 12 P.M. | G2: 1 P.M. | H2: 2 P.M. | I2: 3 P.M. | J2: 4 P.M. | K2: 5 P.M. | L2: 6 P.M. | M2: 7 P.M. | N2: 8 P.M. | O2: 9 P.M. | P2: 10 P.M. | Q2: Average Wait Time for Given Ride
B3: Constellation Carousel | C3: 10 | D3: 10 | E3: 35 | F3: 45 | G3: 25 | H3: 25 | I3: 25 | J3: 25 | K3: 20 | L3: 35 | M3: 20 | N3: 20 | O3: 30 | P3: 35 | Q3: =AVERAGEIF(B3:P3,"<>-1",B3:P13) -> 25.714286
B4: Curse of the Werewolf | C4: 40 | D4: 40 | E4: 70 | F4: 70 | G4: 90 | H4: 75 | I4: 80 | J4: 80 | K4: 60 | L4: 70 | M4: 80 | N4: 60 | O4: 40 | P4: 45 | Q4: =AVERAGEIF(B4:P4,"<>-1",B4:P14) -> 64.285714
B5: Dragon Racer's Rally | C5: 15 | D5: 75 | E5: 75 | F5: 60 | G5: 45 | H5: 65 | I5: 25 | J5: 60 | K5: 25 | L5: 35 | M5: 65 | N5: 45 | O5: 15 | P5: 10 | Q5: =AVERAGEIF(B5:P5,"<>-1",B5:P15) -> 43.928571
B6: Fyre Drill | C6: 5 | D6: 45 | E6: 55 | F6: 55 | G6: 80 | H6: 35 | I6: 75 | J6: 35 | K6: 35 | L6: 40 | M6: 25 | N6: 30 | O6: 10 | P6: 5 | Q6: =AVERAGEIF(B6:P6,"<>-1",B6:P16) -> 37.857143
B7: Battle At Ministry | C7: 0 | D7: 0 | E7: 0 | F7: 0 | G7: 0 | H7: 180 | I7: 220 | J7: 305 | K7: 200 | L7: 210 | M7: 240 | N7: 300 | O7: 300 | P7: 300 | Q7: =AVERAGEIF(B7:P7,"<>-1",B7:P17) -> 161.07143
B8: Hiccup's Wing Gliders | C8: 10 | D8: 75 | E8: 85 | F8: 85 | G8: 0 | H8: 65 | I8: 50 | J8: 50 | K8: 40 | L8: 40 | M8: 50 | N8: 30 | O8: 25 | P8: 10 | Q8: =AVERAGEIF(B8:P8,"<>-1",B8:P18) -> 43.928571
B9: Mario Kart: Bowser's Challenge | C9: 110 | D9: 120 | E9: 180 | F9: 180 | G9: 180 | H9: 150 | I9: 90 | J9: 150 | K9: 90 | L9: 0 | M9: 65 | N9: 60 | O9: 60 | P9: 50 | Q9: =AVERAGEIF(B9:P9,"<>-1",B9:P19) -> 106.07143
B10: Mine-Cart Madness | C10: 65 | D10: 120 | E10: 120 | F10: 100 | G10: 0 | H10: 120 | I10: 85 | J10: 80 | K10: 100 | L10: 90 | M10: 85 | N10: 75 | O10: 60 | P10: 35 | Q10: =AVERAGEIF(B10:P10,"<>-1",B10:P20) -> 81.071429
B11: Monsters Unchained | C11: 0 | D11: 0 | E11: 0 | F11: 0 | G11: 0 | H11: 80 | I11: 90 | J11: 90 | K11: 60 | L11: 45 | M11: 60 | N11: 50 | O11: 45 | P11: 20 | Q11: =AVERAGEIF(B11:P11,"<>-1",B11:P21) -> 38.571429
B12: Stardust Racers | C12: 10 | D12: 60 | E12: 90 | F12: 90 | G12: 0 | H12: 60 | I12: 45 | J12: 35 | K12: 45 | L12: 45 | M12: 35 | N12: 36 | O12: 35 | P12: 25 | Q12: =AVERAGEIF(B12:P12,"<>-1",B12:P22) -> 43.642857
B13: Yoshi's Adventure | C13: 20 | D13: 55 | E13: 90 | F13: 75 | G13: 70 | H13: 45 | I13: 35 | J13: 45 | K13: 30 | L13: 40 | M13: 30 | N13: 26 | O13: 25 | P13: 10 | Q13: =AVERAGEIF(B13:P13,"<>-1",B13:P23) -> 42.571429
B14: Weather | C14: 0 | D14: 0 | E14: 0 | F14: 0 | G14: 0 | H14: 0 | I14: 0 | J14: 0 | K14: 0 | L14: 0 | M14: 0 | N14: 0 | O14: 0 | P14: 0
A15: Average Wait Time For Time | C15: =AVERAGEIF(C3:C13,"<>-1",C3:C13) -> 25.909091 | D15: =AVERAGEIF(D3:D13,"<>-1",D3:D13) -> 54.545455 | E15: =AVERAGEIF(E3:E13,"<>-1",E3:E13) -> 72.727273 | F15: =AVERAGEIF(F3:F13,"<>-1",F3:F13) -> 69.090909 | G15: =AVERAGEIF(G3:G13,"<>-1",G3:G13) -> 44.545455 | H15: =AVERAGEIF(H3:H13,"<>-1",H3:H13) -> 81.818182 | I15: =AVERAGEIF(I3:I13,"<>-1",I3:I13) -> 74.545455 | J15: =AVERAGEIF(J3:J13,"<>-1",J3:J13) -> 86.818182 | ... P15: =AVERAGEIF(P3:P13,"<>-1",P3:P13) -> 49.545455

Sheet 529
B1: Ride Names
A2: Wait Times | C2: 9 A.M. | D2: 10 A.M. | E2: 11 A.M. | F2: 12 P.M. | G2: 1 P.M. | H2: 2 P.M. | I2: 3 P.M. | J2: 4 P.M. | K2: 5 P.M. | L2: 6 P.M. | M2: 7 P.M. | N2: 8 P.M. | O2: 9 P.M. | P2: 10 P.M. | Q2: Average Wait Time for Given Ride
B3: Constellation Carousel | C3: 5 | D3: 5 | E3: 25 | F3: 25 | G3: 15 | H3: 35 | I3: 20 | J3: 10 | K3: 10 | L3: 20 | M3: 35 | N3: 30 | O3: 30 | P3: 30 | Q3: =AVERAGEIF(B3:P3,"<>-1",B3:P13) -> 21.071429
B4: Curse of the Werewolf | C4: 20 | D4: 45 | E4: 80 | F4: 80 | G4: 70 | H4: 50 | I4: 80 | J4: 70 | K4: 70 | L4: 70 | M4: 0 | N4: 0 | O4: 60 | P4: 30 | Q4: =AVERAGEIF(B4:P4,"<>-1",B4:P14) -> 51.785714
B5: Dragon Racer's Rally | C5: 15 | D5: 55 | E5: 45 | F5: 45 | G5: 45 | H5: 35 | I5: 45 | J5: 15 | K5: 60 | L5: 35 | M5: 0 | N5: 0 | O5: 10 | P5: 25 | Q5: =AVERAGEIF(B5:P5,"<>-1",B5:P15) -> 30.714286
B6: Fyre Drill | C6: 5 | D6: 45 | E6: 15 | F6: 60 | G6: 60 | H6: 0 | I6: 0 | J6: 0 | K6: 10 | L6: 70 | M6: 0 | N6: 0 | O6: 5 | P6: 5 | Q6: =AVERAGEIF(B6:P6,"<>-1",B6:P16) -> 19.642857
B7: Battle At Ministry | C7: 230 | D7: 300 | E7: 270 | F7: 270 | G7: 180 | H7: 180 | I7: 150 | J7: 150 | K7: 180 | L7: 0 | M7: 180 | N7: 180 | O7: 300 | P7: 300 | Q7: =AVERAGEIF(B7:P7,"<>-1",B7:P17) -> 205
B8: Hiccup's Wing Gliders | C8: 20 | D8: 45 | E8: 45 | F8: 60 | G8: 60 | H8: 60 | I8: 50 | J8: 35 | K8: 0 | L8: 0 | M8: 0 | N8: 0 | O8: 25 | P8: 25 | Q8: =AVERAGEIF(B8:P8,"<>-1",B8:P18) -> 30.357143
B9: Mario Kart: Bowser's Challenge | C9: 25 | D9: 135 | E9: 115 | F9: 150 | G9: 140 | H9: 90 | I9: 75 | J9: 160 | K9: 100 | L9: 100 | M9: 75 | N9: 60 | O9: 60 | P9: 15 | Q9: =AVERAGEIF(B9:P9,"<>-1",B9:P19) -> 92.857143
B10: Mine-Cart Madness | C10: 0 | D10: 45 | E10: 105 | F10: 80 | G10: 95 | H10: 95 | I10: 80 | J10: 80 | K10: 80 | L10: 0 | M10: 0 | N10: 0 | O10: 0 | P10: 0 | Q10: =AVERAGEIF(B10:P10,"<>-1",B10:P20) -> 47.142857
B11: Monsters Unchained | C11: 35 | D11: 20 | E11: 20 | F11: 25 | G11: 45 | H11: 25 | I11: 45 | J11: 15 | K11: 20 | L11: 20 | M11: 15 | N11: 10 | O11: 10 | P11: 10 | Q11: =AVERAGEIF(B11:P11,"<>-1",B11:P21) -> 22.5
B12: Stardust Racers | C12: 35 | D12: 60 | E12: 50 | F12: 45 | G12: 60 | H12: 0 | I12: 0 | J12: 45 | K12: 35 | L12: 60 | M12: 0 | N12: 0 | O12: 25 | P12: 60 | Q12: =AVERAGEIF(B12:P12,"<>-1",B12:P22) -> 33.928571
B13: Yoshi's Adventure | C13: 0 | D13: 50 | E13: 90 | F13: 45 | G13: 45 | H13: 70 | I13: 50 | J13: 35 | K13: 50 | L13: 35 | M13: 0 | N13: 0 | O13: 0 | P13: 0 | Q13: =AVERAGEIF(B13:P13,"<>-1",B13:P23) -> 33.571429
B14: Weather | C14: 0 | D14: 0 | E14: 0 | F14: 0 | G14: 0 | H14: 0 | I14: 0 | J14: 0 | K14: 0 | L14: 0 | M14: 2 | N14: 2 | O14: 2 | P14: 0
A15: Average Wait Time For Time | C15: =AVERAGEIF(C3:C13,"<>-1",C3:C13) -> 35.454545 | D15: =AVERAGEIF(D3:D13,"<>-1",D3:D13) -> 73.181818 | E15: =AVERAGEIF(E3:E13,"<>-1",E3:E13) -> 78.181818 | F15: =AVERAGEIF(F3:F13,"<>-1",F3:F13) -> 80.454545 | G15: =AVERAGEIF(G3:G13,"<>-1",G3:G13) -> 74.090909 | H15: =AVERAGEIF(H3:H13,"<>-1",H3:H13) -> 58.181818 | I15: =AVERAGEIF(I3:I13,"<>-1",I3:I13) -> 54.090909 | J15: =AVERAGEIF(J3:J13,"<>-1",J3:J13) -> 55.909091 | ... P15: =AVERAGEIF(P3:P13,"<>-1",P3:P13) -> 45.454545

Sheet Results
A2: Average Times | C2: 9 A.M. | D2: 10 A.M. | E2: 11 A.M. | F2: 12 P.M. | G2: 1 P.M. | H2: 2 P.M. | I2: 3 P.M. | J2: 4 P.M. | K2: 5 P.M. | L2: 6 P.M. | M2: 7 P.M. | N2: 8 P.M. | O2: 9 P.M. | P2: 10 P.M. | R2: Delays Per Ride | T2: Breakdowns Per Ride | V2: Wait by Day in Total Minutes
B3: Constellation Carousel | C3: =IFERROR(__xludf.DUMMYFUNCTION("AVERAGE(FILTER({'527'!C3,'528'!C3,'529'!C3}, {'527'!C3,'528'!C3,'529'!C3} <>0))"),6.666666666666667) -> 6.6666667 | D3: =IFERROR(__xludf.DUMMYFUNCTION("AVERAGE(FILTER({'527'!D3,'528'!D3,'529'!D3}, {'527'!D3,'528'!D3,'529'!D3} <>0))"),6.666666666666667) -> 6.6666667 | E3: =IFERROR(__xludf.DUMMYFUNCTION("AVERAGE(FILTER({'527'!E3,'528'!E3,'529'!E3}, {'527'!E3,'528'!E3,'529'!E3} <>0))"),21.666666666666668) -> 21.666667 | F3: =IFERROR(__xludf.DUMMYFUNCTION("AVERAGE(FILTER({'527'!F3,'528'!F3,'529'!F3}, {'527'!F3,'528'!F3,'529'!F3} <>0))"),31.666666666666668) -> 31.666667 | G3: =IFERROR(__xludf.DUMMYFUNCTION("AVERAGE(FILTER({'527'!G3,'528'!G3,'529'!G3}, {'527'!G3,'528'!G3,'529'!G3} <>0))"),16.666666666666668) -> 16.666667 | H3: =IFERROR(__xludf.DUMMYFUNCTION("AVERAGE(FILTER({'527'!H3,'528'!H3,'529'!H3}, {'527'!H3,'528'!H3,'529'!H3} <>0))"),26.666666666666668) -> 26.666667 | I3: =IFERROR(__xludf.DUMMYFUNCTION("AVERAGE(FILTER({'527'!I3,'528'!I3,'529'!I3}, {'527'!I3,'528'!I3,'529'!I3} <>0))"),21.666666666666668) -> 21.666667 | J3: =IFERROR(__xludf.DUMMYFUNCTION("AVERAGE(FILTER({'527'!J3,'528'!J3,'529'!J3}, {'527'!J3,'528'!J3,'529'!J3} <>0))"),15.0) -> 15 | K3: =IFERROR(__xludf.DUMMYFUNCTION("AVERAGE(FILTER({'527'!K3,'528'!K3,'529'!K3}, {'527'!K3,'528'!K3,'529'!K3} <>0))"),15.0) -> 15 | L3: =IFERROR(__xludf.DUMMYFUNCTION("AVERAGE(FILTER({'527'!L3,'528'!L3,'529'!L3}, {'527'!L3,'528'!L3,'529'!L3} <>0))"),23.333333333333332) -> 23.333333 | M3: =IFERROR(__xludf.DUMMYFUNCTION("AVERAGE(FILTER({'527'!M3,'528'!M3,'529'!M3}, {'527'!M3,'528'!M3,'529'!M3} <>0))"),21.666666666666668) -> 21.666667 | N3: =IFERROR(__xludf.DUMMYFUNCTION("AVERAGE(FILTER({'527'!N3,'528'!N3,'529'!N3}, {'527'!N3,'528'!N3,'529'!N3} <>0))"),23.333333333333332) -> 23.333333 | O3: =IFERROR(__xludf.DUMMYFUNCTION("AVERAGE(FILTER({'527'!O3,'528'!O3,'529'!O3}, {'527'!O3,'528'!O3,'529'!O3} <>0))"),30.0) -> 30 | P3: =IFERROR(__xludf.DUMMYFUNCTION("AVERAGE(FILTER({'527'!P3,'528'!P3,'529'!P3}, {'527'!P3,'528'!P3,'529'!P3} <>0))"),32.5) -> 32.5 | R3: =IFERROR(__xludf.DUMMYFUNCTION("COUNT(FILTER({'522'!C3:P3,'523'!C3:P3,'524'!C3:P3,'525'!C3:P3,'526'!C3:P3,'527'!C3:P3,'528'!C3:P3,'529'!C3:P3}, {'522'!C3:P3,'523'!C3:P3,'524'!C3:P3,'525'!C3:P3,'526'!C3:P3,'527'!C3:P3,'528'!C3:P3,'529'!C3:P3} =0))"),3.0) -> 3 | T3: 3 | V3: 45799 | W3: =SUM('522'!C4:P14) -> 2945
B4: Curse of the Werewolf | C4: =IFERROR(__xludf.DUMMYFUNCTION("AVERAGE(FILTER({'527'!C4,'528'!C4,'529'!C4}, {'527'!C4,'528'!C4,'529'!C4} <>0))"),21.666666666666668) -> 21.666667 | D4: =IFERROR(__xludf.DUMMYFUNCTION("AVERAGE(FILTER({'527'!D4,'528'!D4,'529'!D4}, {'527'!D4,'528'!D4,'529'!D4} <>0))"),43.333333333333336) -> 43.333333 | E4: =IFERROR(__xludf.DUMMYFUNCTION("AVERAGE(FILTER({'527'!E4,'528'!E4,'529'!E4}, {'527'!E4,'528'!E4,'529'!E4} <>0))"),68.33333333333333) -> 68.333333 | F4: =IFERROR(__xludf.DUMMYFUNCTION("AVERAGE(FILTER({'527'!F4,'528'!F4,'529'!F4}, {'527'!F4,'528'!F4,'529'!F4} <>0))"),75.0) -> 75 | G4: =IFERROR(__xludf.DUMMYFUNCTION("AVERAGE(FILTER({'527'!G4,'528'!G4,'529'!G4}, {'527'!G4,'528'!G4,'529'!G4} <>0))"),73.33333333333333) -> 73.333333 | H4: =IFERROR(__xludf.DUMMYFUNCTION("AVERAGE(FILTER({'527'!H4,'528'!H4,'529'!H4}, {'527'!H4,'528'!H4,'529'!H4} <>0))"),61.666666666666664) -> 61.666667 | I4: =IFERROR(__xludf.DUMMYFUNCTION("AVERAGE(FILTER({'527'!I4,'528'!I4,'529'!I4}, {'527'!I4,'528'!I4,'529'!I4} <>0))"),73.33333333333333) -> 73.333333 | J4: =IFERROR(__xludf.DUMMYFUNCTION("AVERAGE(FILTER({'527'!J4,'528'!J4,'529'!J4}, {'527'!J4,'528'!J4,'529'!J4} <>0))"),70.0) -> 70 | K4: =IFERROR(__xludf.DUMMYFUNCTION("AVERAGE(FILTER({'527'!K4,'528'!K4,'529'!K4}, {'527'!K4,'528'!K4,'529'!K4} <>0))"),58.333333333333336) -> 58.333333 | L4: =IFERROR(__xludf.DUMMYFUNCTION("AVERAGE(FILTER({'527'!L4,'528'!L4,'529'!L4}, {'527'!L4,'528'!L4,'529'!L4} <>0))"),61.666666666666664) -> 61.666667 | M4: =IFERROR(__xludf.DUMMYFUNCTION("AVERAGE(FILTER({'527'!M4,'528'!M4,'529'!M4}, {'527'!M4,'528'!M4,'529'!M4} <>0))"),70.0) -> 70 | N4: =IFERROR(__xludf.DUMMYFUNCTION("AVERAGE(FILTER({'527'!N4,'528'!N4,'529'!N4}, {'527'!N4,'528'!N4,'529'!N4} <>0))"),60.0) -> 60 | O4: =IFERROR(__xludf.DUMMYFUNCTION("AVERAGE(FILTER({'527'!O4,'528'!O4,'529'!O4}, {'527'!O4,'528'!O4,'529'!O4} <>0))"),50.0) -> 50 | P4: =IFERROR(__xludf.DUMMYFUNCTION("AVERAGE(FILTER({'527'!P4,'528'!P4,'529'!P4}, {'527'!P4,'528'!P4,'529'!P4} <>0))"),37.5) -> 37.5 | R4: =IFERROR(__xludf.DUMMYFUNCTION("COUNT(FILTER({'522'!C4:P4,'523'!C4:P4,'524'!C4:P4,'525'!C4:P4,'526'!C4:P4,'527'!C4:P4,'528'!C4:P4,'529'!C4:P4}, {'522'!C4:P4,'523'!C4:P4,'524'!C4:P4,'525'!C4:P4,'526'!C4:P4,'527'!C4:P4,'528'!C4:P4,'529'!C4:P4} =0))"),18.0) -> 18 | T4: 1 | V4: 45800 | W4: =SUM('523'!C3:P13) -> 3110
B5: Dragon Racer's Rally | C5: =IFERROR(__xludf.DUMMYFUNCTION("AVERAGE(FILTER({'527'!C5,'528'!C5,'529'!C5}, {'527'!C5,'528'!C5,'529'!C5} <>0))"),11.666666666666666) -> 11.666667 | D5: =IFERROR(__xludf.DUMMYFUNCTION("AVERAGE(FILTER({'527'!D5,'528'!D5,'529'!D5}, {'527'!D5,'528'!D5,'529'!D5} <>0))"),61.666666666666664) -> 61.666667 | E5: =IFERROR(__xludf.DUMMYFUNCTION("AVERAGE(FILTER({'527'!E5,'528'!E5,'529'!E5}, {'527'!E5,'528'!E5,'529'!E5} <>0))"),53.333333333333336) -> 53.333333 | F5: =IFERROR(__xludf.DUMMYFUNCTION("AVERAGE(FILTER({'527'!F5,'528'!F5,'529'!F5}, {'527'!F5,'528'!F5,'529'!F5} <>0))"),51.666666666666664) -> 51.666667 | G5: =IFERROR(__xludf.DUMMYFUNCTION("AVERAGE(FILTER({'527'!G5,'528'!G5,'529'!G5}, {'527'!G5,'528'!G5,'529'!G5} <>0))"),46.666666666666664) -> 46.666667 | H5: =IFERROR(__xludf.DUMMYFUNCTION("AVERAGE(FILTER({'527'!H5,'528'!H5,'529'!H5}, {'527'!H5,'528'!H5,'529'!H5} <>0))"),48.333333333333336) -> 48.333333 | I5: =IFERROR(__xludf.DUMMYFUNCTION("AVERAGE(FILTER({'527'!I5,'528'!I5,'529'!I5}, {'527'!I5,'528'!I5,'529'!I5} <>0))"),35.0) -> 35 | J5: =IFERROR(__xludf.DUMMYFUNCTION("AVERAGE(FILTER({'527'!J5,'528'!J5,'529'!J5}, {'527'!J5,'528'!J5,'529'!J5} <>0))"),36.666666666666664) -> 36.666667 | K5: =IFERROR(__xludf.DUMMYFUNCTION("AVERAGE(FILTER({'527'!K5,'528'!K5,'529'!K5}, {'527'!K5,'528'!K5,'529'!K5} <>0))"),40.0) -> 40 | L5: =IFERROR(__xludf.DUMMYFUNCTION("AVERAGE(FILTER({'527'!L5,'528'!L5,'529'!L5}, {'527'!L5,'528'!L5,'529'!L5} <>0))"),35.0) -> 35 | M5: =IFERROR(__xludf.DUMMYFUNCTION("AVERAGE(FILTER({'527'!M5,'528'!M5,'529'!M5}, {'527'!M5,'528'!M5,'529'!M5} <>0))"),65.0) -> 65 | N5: =IFERROR(__xludf.DUMMYFUNCTION("AVERAGE(FILTER({'527'!N5,'528'!N5,'529'!N5}, {'527'!N5,'528'!N5,'529'!N5} <>0))"),45.0) -> 45 | O5: =IFERROR(__xludf.DUMMYFUNCTION("AVERAGE(FILTER({'527'!O5,'528'!O5,'529'!O5}, {'527'!O5,'528'!O5,'529'!O5} <>0))"),12.5) -> 12.5 | P5: =IFERROR(__xludf.DUMMYFUNCTION("AVERAGE(FILTER({'527'!P5,'528'!P5,'529'!P5}, {'527'!P5,'528'!P5,'529'!P5} <>0))"),17.5) -> 17.5 | R5: =IFERROR(__xludf.DUMMYFUNCTION("COUNT(FILTER({'522'!C5:P5,'523'!C5:P5,'524'!C5:P5,'525'!C5:P5,'526'!C5:P5,'527'!C5:P5,'528'!C5:P5,'529'!C5:P5}, {'522'!C5:P5,'523'!C5:P5,'524'!C5:P5,'525'!C5:P5,'526'!C5:P5,'527'!C5:P5,'528'!C5:P5,'529'!C5:P5} =0))"),17.0) -> 17 | T5: 0 | V5: 45801 | W5: =SUM('524'!C3:P13) -> 2690
B6: Fyre Drill | C6: =IFERROR(__xludf.DUMMYFUNCTION("AVERAGE(FILTER({'527'!C6,'528'!C6,'529'!C6}, {'527'!C6,'528'!C6,'529'!C6} <>0))"),5.0) -> 5 | D6: =IFERROR(__xludf.DUMMYFUNCTION("AVERAGE(FILTER({'527'!D6,'528'!D6,'529'!D6}, {'527'!D6,'528'!D6,'529'!D6} <>0))"),45.0) -> 45 | E6: =IFERROR(__xludf.DUMMYFUNCTION("AVERAGE(FILTER({'527'!E6,'528'!E6,'529'!E6}, {'527'!E6,'528'!E6,'529'!E6} <>0))"),43.333333333333336) -> 43.333333 | F6: =IFERROR(__xludf.DUMMYFUNCTION("AVERAGE(FILTER({'527'!F6,'528'!F6,'529'!F6}, {'527'!F6,'528'!F6,'529'!F6} <>0))"),58.333333333333336) -> 58.333333 | G6: =IFERROR(__xludf.DUMMYFUNCTION("AVERAGE(FILTER({'527'!G6,'528'!G6,'529'!G6}, {'527'!G6,'528'!G6,'529'!G6} <>0))"),61.666666666666664) -> 61.666667 | H6: =IFERROR(__xludf.DUMMYFUNCTION("AVERAGE(FILTER({'527'!H6,'528'!H6,'529'!H6}, {'527'!H6,'528'!H6,'529'!H6} <>0))"),30.0) -> 30 | I6: =IFERROR(__xludf.DUMMYFUNCTION("AVERAGE(FILTER({'527'!I6,'528'!I6,'529'!I6}, {'527'!I6,'528'!I6,'529'!I6} <>0))"),67.5) -> 67.5 | J6: =IFERROR(__xludf.DUMMYFUNCTION("AVERAGE(FILTER({'527'!J6,'528'!J6,'529'!J6}, {'527'!J6,'528'!J6,'529'!J6} <>0))"),25.0) -> 25 | K6: =IFERROR(__xludf.DUMMYFUNCTION("AVERAGE(FILTER({'527'!K6,'528'!K6,'529'!K6}, {'527'!K6,'528'!K6,'529'!K6} <>0))"),26.666666666666668) -> 26.666667 | L6: =IFERROR(__xludf.DUMMYFUNCTION("AVERAGE(FILTER({'527'!L6,'528'!L6,'529'!L6}, {'527'!L6,'528'!L6,'529'!L6} <>0))"),48.333333333333336) -> 48.333333 | M6: =IFERROR(__xludf.DUMMYFUNCTION("AVERAGE(FILTER({'527'!M6,'528'!M6,'529'!M6}, {'527'!M6,'528'!M6,'529'!M6} <>0))"),25.0) -> 25 | N6: =IFERROR(__xludf.DUMMYFUNCTION("AVERAGE(FILTER({'527'!N6,'528'!N6,'529'!N6}, {'527'!N6,'528'!N6,'529'!N6} <>0))"),30.0) -> 30 | O6: =IFERROR(__xludf.DUMMYFUNCTION("AVERAGE(FILTER({'527'!O6,'528'!O6,'529'!O6}, {'527'!O6,'528'!O6,'529'!O6} <>0))"),7.5) -> 7.5 | P6: =IFERROR(__xludf.DUMMYFUNCTION("AVERAGE(FILTER({'527'!P6,'528'!P6,'529'!P6}, {'527'!P6,'528'!P6,'529'!P6} <>0))"),5.0) -> 5 | R6: =IFERROR(__xludf.DUMMYFUNCTION("COUNT(FILTER({'522'!C6:P6,'523'!C6:P6,'524'!C6:P6,'525'!C6:P6,'526'!C6:P6,'527'!C6:P6,'528'!C6:P6,'529'!C6:P6}, {'522'!C6:P6,'523'!C6:P6,'524'!C6:P6,'525'!C6:P6,'526'!C6:P6,'527'!C6:P6,'528'!C6:P6,'529'!C6:P6} =0))"),28.0) -> 28 | T6: =IFERROR(__xludf.DUMMYFUNCTION("R6 - COUNT(FILTER({'522'!C15:P15,'523'!C14:P14,'524'!C14:P14,'529'!C14:P14,'527'!C14:P14,'525'!C14:P14,'526'!C14:P14,'528'!C14:P14}, {'522'!C15:P15,'523'!C14:P14,'524'!C14:P14,'529'!C14:P14,'527'!C14:P14,'525'!C14:P14,'526'!C14:P14,'528'!C14:P14} = 2))"),8.0) -> 8 | V6: 45802 | W6: =SUM('525'!C3:P13) -> 3910
B7: Battle At Ministry | C7: =IFERROR(__xludf.DUMMYFUNCTION("AVERAGE(FILTER({'527'!C7,'528'!C7,'529'!C7}, {'527'!C7,'528'!C7,'529'!C7} <>0))"),190.0) -> 190 | D7: =IFERROR(__xludf.DUMMYFUNCTION("AVERAGE(FILTER({'527'!D7,'528'!D7,'529'!D7}, {'527'!D7,'528'!D7,'529'!D7} <>0))"),225.0) -> 225 | E7: =IFERROR(__xludf.DUMMYFUNCTION("AVERAGE(FILTER({'527'!E7,'528'!E7,'529'!E7}, {'527'!E7,'528'!E7,'529'!E7} <>0))"),185.0) -> 185 | F7: =IFERROR(__xludf.DUMMYFUNCTION("AVERAGE(FILTER({'527'!F7,'528'!F7,'529'!F7}, {'527'!F7,'528'!F7,'529'!F7} <>0))"),195.0) -> 195 | G7: =IFERROR(__xludf.DUMMYFUNCTION("AVERAGE(FILTER({'527'!G7,'528'!G7,'529'!G7}, {'527'!G7,'528'!G7,'529'!G7} <>0))"),150.0) -> 150 | H7: =IFERROR(__xludf.DUMMYFUNCTION("AVERAGE(FILTER({'527'!H7,'528'!H7,'529'!H7}, {'527'!H7,'528'!H7,'529'!H7} <>0))"),170.0) -> 170 | I7: =IFERROR(__xludf.DUMMYFUNCTION("AVERAGE(FILTER({'527'!I7,'528'!I7,'529'!I7}, {'527'!I7,'528'!I7,'529'!I7} <>0))"),168.33333333333334) -> 168.33333 | J7: =IFERROR(__xludf.DUMMYFUNCTION("AVERAGE(FILTER({'527'!J7,'528'!J7,'529'!J7}, {'527'!J7,'528'!J7,'529'!J7} <>0))"),227.5) -> 227.5 | K7: =IFERROR(__xludf.DUMMYFUNCTION("AVERAGE(FILTER({'527'!K7,'528'!K7,'529'!K7}, {'527'!K7,'528'!K7,'529'!K7} <>0))"),181.66666666666666) -> 181.66667 | L7: =IFERROR(__xludf.DUMMYFUNCTION("AVERAGE(FILTER({'527'!L7,'528'!L7,'529'!L7}, {'527'!L7,'528'!L7,'529'!L7} <>0))"),187.5) -> 187.5 | M7: =IFERROR(__xludf.DUMMYFUNCTION("AVERAGE(FILTER({'527'!M7,'528'!M7,'529'!M7}, {'527'!M7,'528'!M7,'529'!M7} <>0))"),203.33333333333334) -> 203.33333 | N7: =IFERROR(__xludf.DUMMYFUNCTION("AVERAGE(FILTER({'527'!N7,'528'!N7,'529'!N7}, {'527'!N7,'528'!N7,'529'!N7} <>0))"),260.0) -> 260 | O7: =IFERROR(__xludf.DUMMYFUNCTION("AVERAGE(FILTER({'527'!O7,'528'!O7,'529'!O7}, {'527'!O7,'528'!O7,'529'!O7} <>0))"),300.0) -> 300 | P7: =IFERROR(__xludf.DUMMYFUNCTION("AVERAGE(FILTER({'527'!P7,'528'!P7,'529'!P7}, {'527'!P7,'528'!P7,'529'!P7} <>0))"),300.0) -> 300 | R7: =IFERROR(__xludf.DUMMYFUNCTION("COUNT(FILTER({'522'!C7:P7,'523'!C7:P7,'524'!C7:P7,'525'!C7:P7,'526'!C7:P7,'527'!C7:P7,'528'!C7:P7,'529'!C7:P7}, {'522'!C7:P7,'523'!C7:P7,'524'!C7:P7,'525'!C7:P7,'526'!C7:P7,'527'!C7:P7,'528'!C7:P7,'529'!C7:P7} =0))"),11.0) -> 11 | T7: 11 | V7: 45803 | W7: =SUM('526'!C3:P13) -> 3140
B8: Hiccup's Wing Gliders | C8: =IFERROR(__xludf.DUMMYFUNCTION("AVERAGE(FILTER({'527'!C8,'528'!C8,'529'!C8}, {'527'!C8,'528'!C8,'529'!C8} <>0))"),18.333333333333332) -> 18.333333 | D8: =IFERROR(__xludf.DUMMYFUNCTION("AVERAGE(FILTER({'527'!D8,'528'!D8,'529'!D8}, {'527'!D8,'528'!D8,'529'!D8} <>0))"),53.333333333333336) -> 53.333333 | E8: =IFERROR(__xludf.DUMMYFUNCTION("AVERAGE(FILTER({'527'!E8,'528'!E8,'529'!E8}, {'527'!E8,'528'!E8,'529'!E8} <>0))"),58.333333333333336) -> 58.333333 | F8: =IFERROR(__xludf.DUMMYFUNCTION("AVERAGE(FILTER({'527'!F8,'528'!F8,'529'!F8}, {'527'!F8,'528'!F8,'529'!F8} <>0))"),68.33333333333333) -> 68.333333 | G8: =IFERROR(__xludf.DUMMYFUNCTION("AVERAGE(FILTER({'527'!G8,'528'!G8,'529'!G8}, {'527'!G8,'528'!G8,'529'!G8} <>0))"),60.0) -> 60 | H8: =IFERROR(__xludf.DUMMYFUNCTION("AVERAGE(FILTER({'527'!H8,'528'!H8,'529'!H8}, {'527'!H8,'528'!H8,'529'!H8} <>0))"),53.333333333333336) -> 53.333333 | I8: =IFERROR(__xludf.DUMMYFUNCTION("AVERAGE(FILTER({'527'!I8,'528'!I8,'529'!I8}, {'527'!I8,'528'!I8,'529'!I8} <>0))"),45.0) -> 45 | J8: =IFERROR(__xludf.DUMMYFUNCTION("AVERAGE(FILTER({'527'!J8,'528'!J8,'529'!J8}, {'527'!J8,'528'!J8,'529'!J8} <>0))"),41.666666666666664) -> 41.666667 | K8: =IFERROR(__xludf.DUMMYFUNCTION("AVERAGE(FILTER({'527'!K8,'528'!K8,'529'!K8}, {'527'!K8,'528'!K8,'529'!K8} <>0))"),30.0) -> 30 | L8: =IFERROR(__xludf.DUMMYFUNCTION("AVERAGE(FILTER({'527'!L8,'528'!L8,'529'!L8}, {'527'!L8,'528'!L8,'529'!L8} <>0))"),30.0) -> 30 | M8: =IFERROR(__xludf.DUMMYFUNCTION("AVERAGE(FILTER({'527'!M8,'528'!M8,'529'!M8}, {'527'!M8,'528'!M8,'529'!M8} <>0))"),50.0) -> 50 | N8: =IFERROR(__xludf.DUMMYFUNCTION("AVERAGE(FILTER({'527'!N8,'528'!N8,'529'!N8}, {'527'!N8,'528'!N8,'529'!N8} <>0))"),30.0) -> 30 | O8: =IFERROR(__xludf.DUMMYFUNCTION("AVERAGE(FILTER({'527'!O8,'528'!O8,'529'!O8}, {'527'!O8,'528'!O8,'529'!O8} <>0))"),25.0) -> 25 | P8: =IFERROR(__xludf.DUMMYFUNCTION("AVERAGE(FILTER({'527'!P8,'528'!P8,'529'!P8}, {'527'!P8,'528'!P8,'529'!P8} <>0))"),17.5) -> 17.5 | R8: =IFERROR(__xludf.DUMMYFUNCTION("COUNT(FILTER({'522'!C8:P8,'523'!C8:P8,'524'!C8:P8,'525'!C8:P8,'526'!C8:P8,'527'!C8:P8,'528'!C8:P8,'529'!C8:P8}, {'522'!C8:P8,'523'!C8:P8,'524'!C8:P8,'525'!C8:P8,'526'!C8:P8,'527'!C8:P8,'528'!C8:P8,'529'!C8:P8} =0))"),29.0) -> 29 | T8: =IFERROR(__xludf.DUMMYFUNCTION("R8 - COUNT(FILTER({'522'!C15:P15,'523'!C14:P14,'524'!C14:P14,'529'!C14:P14,'527'!C14:P14,'525'!C14:P14,'526'!C14:P14,'528'!C14:P14}, {'522'!C15:P15,'523'!C14:P14,'524'!C14:P14,'529'!C14:P14,'527'!C14:P14,'525'!C14:P14,'526'!C14:P14,'528'!C14:P14} = 2))"),9.0) -> 9 | V8: 45804 | W8: =SUM('527'!C3:P13) -> 6870
B9: Mario Kart: Bowser's Challenge | C9: =IFERROR(__xludf.DUMMYFUNCTION("AVERAGE(FILTER({'527'!C9,'528'!C9,'529'!C9}, {'527'!C9,'528'!C9,'529'!C9} <>0))"),75.0) -> 75 | D9: =IFERROR(__xludf.DUMMYFUNCTION("AVERAGE(FILTER({'527'!D9,'528'!D9,'529'!D9}, {'527'!D9,'528'!D9,'529'!D9} <>0))"),123.33333333333333) -> 123.33333 | E9: =IFERROR(__xludf.DUMMYFUNCTION("AVERAGE(FILTER({'527'!E9,'528'!E9,'529'!E9}, {'527'!E9,'528'!E9,'529'!E9} <>0))"),136.66666666666666) -> 136.66667 | F9: =IFERROR(__xludf.DUMMYFUNCTION("AVERAGE(FILTER({'527'!F9,'528'!F9,'529'!F9}, {'527'!F9,'528'!F9,'529'!F9} <>0))"),140.0) -> 140 | G9: =IFERROR(__xludf.DUMMYFUNCTION("AVERAGE(FILTER({'527'!G9,'528'!G9,'529'!G9}, {'527'!G9,'528'!G9,'529'!G9} <>0))"),136.66666666666666) -> 136.66667 | H9: =IFERROR(__xludf.DUMMYFUNCTION("AVERAGE(FILTER({'527'!H9,'528'!H9,'529'!H9}, {'527'!H9,'528'!H9,'529'!H9} <>0))"),116.66666666666667) -> 116.66667 | I9: =IFERROR(__xludf.DUMMYFUNCTION("AVERAGE(FILTER({'527'!I9,'528'!I9,'529'!I9}, {'527'!I9,'528'!I9,'529'!I9} <>0))"),85.0) -> 85 | J9: =IFERROR(__xludf.DUMMYFUNCTION("AVERAGE(FILTER({'527'!J9,'528'!J9,'529'!J9}, {'527'!J9,'528'!J9,'529'!J9} <>0))"),133.33333333333334) -> 133.33333 | K9: =IFERROR(__xludf.DUMMYFUNCTION("AVERAGE(FILTER({'527'!K9,'528'!K9,'529'!K9}, {'527'!K9,'528'!K9,'529'!K9} <>0))"),98.33333333333333) -> 98.333333 | L9: =IFERROR(__xludf.DUMMYFUNCTION("AVERAGE(FILTER({'527'!L9,'528'!L9,'529'!L9}, {'527'!L9,'528'!L9,'529'!L9} <>0))"),102.5) -> 102.5 | M9: =IFERROR(__xludf.DUMMYFUNCTION("AVERAGE(FILTER({'527'!M9,'528'!M9,'529'!M9}, {'527'!M9,'528'!M9,'529'!M9} <>0))"),66.66666666666667) -> 66.666667 | N9: =IFERROR(__xludf.DUMMYFUNCTION("AVERAGE(FILTER({'527'!N9,'528'!N9,'529'!N9}, {'527'!N9,'528'!N9,'529'!N9} <>0))"),71.66666666666667) -> 71.666667 | O9: =IFERROR(__xludf.DUMMYFUNCTION("AVERAGE(FILTER({'527'!O9,'528'!O9,'529'!O9}, {'527'!O9,'528'!O9,'529'!O9} <>0))"),53.333333333333336) -> 53.333333 | P9: =IFERROR(__xludf.DUMMYFUNCTION("AVERAGE(FILTER({'527'!P9,'528'!P9,'529'!P9}, {'527'!P9,'528'!P9,'529'!P9} <>0))"),31.666666666666668) -> 31.666667 | R9: =IFERROR(__xludf.DUMMYFUNCTION("COUNT(FILTER({'522'!C9:P9,'523'!C9:P9,'524'!C9:P9,'525'!C9:P9,'526'!C9:P9,'527'!C9:P9,'528'!C9:P9,'529'!C9:P9}, {'522'!C9:P9,'523'!C9:P9,'524'!C9:P9,'525'!C9:P9,'526'!C9:P9,'527'!C9:P9,'528'!C9:P9,'529'!C9:P9} =0))"),7.0) -> 7 | T9: 7 | V9: 45805 | W9: =SUM('528'!C3:P13) -> 9642
B10: Mine-Cart Madness | C10: =IFERROR(__xludf.DUMMYFUNCTION("AVERAGE(FILTER({'527'!C10,'528'!C10,'529'!C10}, {'527'!C10,'528'!C10,'529'!C10} <>0))"),92.5) -> 92.5 | D10: =IFERROR(__xludf.DUMMYFUNCTION("AVERAGE(FILTER({'527'!D10,'528'!D10,'529'!D10}, {'527'!D10,'528'!D10,'529'!D10} <>0))"),71.66666666666667) -> 71.666667 | E10: =IFERROR(__xludf.DUMMYFUNCTION("AVERAGE(FILTER({'527'!E10,'528'!E10,'529'!E10}, {'527'!E10,'528'!E10,'529'!E10} <>0))"),112.5) -> 112.5 | F10: =IFERROR(__xludf.DUMMYFUNCTION("AVERAGE(FILTER({'527'!F10,'528'!F10,'529'!F10}, {'527'!F10,'528'!F10,'529'!F10} <>0))"),78.33333333333333) -> 78.333333 | G10: =IFERROR(__xludf.DUMMYFUNCTION("AVERAGE(FILTER({'527'!G10,'528'!G10,'529'!G10}, {'527'!G10,'528'!G10,'529'!G10} <>0))"),77.5) -> 77.5 | H10: =IFERROR(__xludf.DUMMYFUNCTION("AVERAGE(FILTER({'527'!H10,'528'!H10,'529'!H10}, {'527'!H10,'528'!H10,'529'!H10} <>0))"),93.33333333333333) -> 93.333333 | I10: =IFERROR(__xludf.DUMMYFUNCTION("AVERAGE(FILTER({'527'!I10,'528'!I10,'529'!I10}, {'527'!I10,'528'!I10,'529'!I10} <>0))"),76.66666666666667) -> 76.666667 | J10: =IFERROR(__xludf.DUMMYFUNCTION("AVERAGE(FILTER({'527'!J10,'528'!J10,'529'!J10}, {'527'!J10,'528'!J10,'529'!J10} <>0))"),78.33333333333333) -> 78.333333 | K10: =IFERROR(__xludf.DUMMYFUNCTION("AVERAGE(FILTER({'527'!K10,'528'!K10,'529'!K10}, {'527'!K10,'528'!K10,'529'!K10} <>0))"),78.33333333333333) -> 78.333333 | L10: =IFERROR(__xludf.DUMMYFUNCTION("AVERAGE(FILTER({'527'!L10,'528'!L10,'529'!L10}, {'527'!L10,'528'!L10,'529'!L10} <>0))"),72.5) -> 72.5 | M10: =IFERROR(__xludf.DUMMYFUNCTION("AVERAGE(FILTER({'527'!M10,'528'!M10,'529'!M10}, {'527'!M10,'528'!M10,'529'!M10} <>0))"),85.0) -> 85 | N10: =IFERROR(__xludf.DUMMYFUNCTION("AVERAGE(FILTER({'527'!N10,'528'!N10,'529'!N10}, {'527'!N10,'528'!N10,'529'!N10} <>0))"),75.0) -> 75 | O10: =IFERROR(__xludf.DUMMYFUNCTION("AVERAGE(FILTER({'527'!O10,'528'!O10,'529'!O10}, {'527'!O10,'528'!O10,'529'!O10} <>0))"),60.0) -> 60 | P10: =IFERROR(__xludf.DUMMYFUNCTION("AVERAGE(FILTER({'527'!P10,'528'!P10,'529'!P10}, {'527'!P10,'528'!P10,'529'!P10} <>0))"),35.0) -> 35 | R10: =IFERROR(__xludf.DUMMYFUNCTION("COUNT(FILTER({'522'!C10:P10,'523'!C10:P10,'524'!C10:P10,'525'!C10:P10,'526'!C10:P10,'527'!C10:P10,'528'!C10:P10,'529'!C10:P10}, {'522'!C10:P10,'523'!C10:P10,'524'!C10:P10,'525'!C10:P10,'526'!C10:P10,'527'!C10:P10,'528'!C10:P10,'529'!C10:P10} =0))"),32.0) -> 32 | T10: =IFERROR(__xludf.DUMMYFUNCTION("R10 - COUNT(FILTER({'522'!C15:P15,'523'!C14:P14,'524'!C14:P14,'529'!C14:P14,'527'!C14:P14,'525'!C14:P14,'526'!C14:P14,'528'!C14:P14}, {'522'!C15:P15,'523'!C14:P14,'524'!C14:P14,'529'!C14:P14,'527'!C14:P14,'525'!C14:P14,'526'!C14:P14,'528'!C14:P14} = 2))"),12.0) -> 12 | V10: 45806 | W10: =SUM('529'!C3:P13) -> 8240
B11: Monsters Unchained | C11: =IFERROR(__xludf.DUMMYFUNCTION("AVERAGE(FILTER({'527'!C11,'528'!C11,'529'!C11}, {'527'!C11,'528'!C11,'529'!C11} <>0))"),35.0) -> 35 | D11: =IFERROR(__xludf.DUMMYFUNCTION("AVERAGE(FILTER({'527'!D11,'528'!D11,'529'!D11}, {'527'!D11,'528'!D11,'529'!D11} <>0))"),27.5) -> 27.5 | E11: =IFERROR(__xludf.DUMMYFUNCTION("AVERAGE(FILTER({'527'!E11,'528'!E11,'529'!E11}, {'527'!E11,'528'!E11,'529'!E11} <>0))"),22.5) -> 22.5 | F11: =IFERROR(__xludf.DUMMYFUNCTION("AVERAGE(FILTER({'527'!F11,'528'!F11,'529'!F11}, {'527'!F11,'528'!F11,'529'!F11} <>0))"),30.0) -> 30 | G11: =IFERROR(__xludf.DUMMYFUNCTION("AVERAGE(FILTER({'527'!G11,'528'!G11,'529'!G11}, {'527'!G11,'528'!G11,'529'!G11} <>0))"),35.0) -> 35 | H11: =IFERROR(__xludf.DUMMYFUNCTION("AVERAGE(FILTER({'527'!H11,'528'!H11,'529'!H11}, {'527'!H11,'528'!H11,'529'!H11} <>0))"),40.0) -> 40 | I11: =IFERROR(__xludf.DUMMYFUNCTION("AVERAGE(FILTER({'527'!I11,'528'!I11,'529'!I11}, {'527'!I11,'528'!I11,'529'!I11} <>0))"),50.0) -> 50 | J11: =IFERROR(__xludf.DUMMYFUNCTION("AVERAGE(FILTER({'527'!J11,'528'!J11,'529'!J11}, {'527'!J11,'528'!J11,'529'!J11} <>0))"),38.333333333333336) -> 38.333333 | K11: =IFERROR(__xludf.DUMMYFUNCTION("AVERAGE(FILTER({'527'!K11,'528'!K11,'529'!K11}, {'527'!K11,'528'!K11,'529'!K11} <>0))"),30.0) -> 30 | L11: =IFERROR(__xludf.DUMMYFUNCTION("AVERAGE(FILTER({'527'!L11,'528'!L11,'529'!L11}, {'527'!L11,'528'!L11,'529'!L11} <>0))"),25.0) -> 25 | M11: =IFERROR(__xludf.DUMMYFUNCTION("AVERAGE(FILTER({'527'!M11,'528'!M11,'529'!M11}, {'527'!M11,'528'!M11,'529'!M11} <>0))"),28.333333333333332) -> 28.333333 | N11: =IFERROR(__xludf.DUMMYFUNCTION("AVERAGE(FILTER({'527'!N11,'528'!N11,'529'!N11}, {'527'!N11,'528'!N11,'529'!N11} <>0))"),26.666666666666668) -> 26.666667 | O11: =IFERROR(__xludf.DUMMYFUNCTION("AVERAGE(FILTER({'527'!O11,'528'!O11,'529'!O11}, {'527'!O11,'528'!O11,'529'!O11} <>0))"),21.666666666666668) -> 21.666667 | P11: =IFERROR(__xludf.DUMMYFUNCTION("AVERAGE(FILTER({'527'!P11,'528'!P11,'529'!P11}, {'527'!P11,'528'!P11,'529'!P11} <>0))"),13.333333333333334) -> 13.333333 | R11: =IFERROR(__xludf.DUMMYFUNCTION("COUNT(FILTER({'522'!C11:P11,'523'!C11:P11,'524'!C11:P11,'525'!C11:P11,'526'!C11:P11,'527'!C11:P11,'528'!C11:P11,'529'!C11:P11}, {'522'!C11:P11,'523'!C11:P11,'524'!C11:P11,'525'!C11:P11,'526'!C11:P11,'527'!C11:P11,'528'!C11:P11,'529'!C11:P11} =0))"),6.0) -> 6 | T11: 6
B12: Stardust Racers | C12: =IFERROR(__xludf.DUMMYFUNCTION("AVERAGE(FILTER({'527'!C12,'528'!C12,'529'!C12}, {'527'!C12,'528'!C12,'529'!C12} <>0))"),26.666666666666668) -> 26.666667 | D12: =IFERROR(__xludf.DUMMYFUNCTION("AVERAGE(FILTER({'527'!D12,'528'!D12,'529'!D12}, {'527'!D12,'528'!D12,'529'!D12} <>0))"),51.666666666666664) -> 51.666667 | E12: =IFERROR(__xludf.DUMMYFUNCTION("AVERAGE(FILTER({'527'!E12,'528'!E12,'529'!E12}, {'527'!E12,'528'!E12,'529'!E12} <>0))"),61.666666666666664) -> 61.666667 | F12: =IFERROR(__xludf.DUMMYFUNCTION("AVERAGE(FILTER({'527'!F12,'528'!F12,'529'!F12}, {'527'!F12,'528'!F12,'529'!F12} <>0))"),53.333333333333336) -> 53.333333 | G12: =IFERROR(__xludf.DUMMYFUNCTION("AVERAGE(FILTER({'527'!G12,'528'!G12,'529'!G12}, {'527'!G12,'528'!G12,'529'!G12} <>0))"),47.5) -> 47.5 | H12: =IFERROR(__xludf.DUMMYFUNCTION("AVERAGE(FILTER({'527'!H12,'528'!H12,'529'!H12}, {'527'!H12,'528'!H12,'529'!H12} <>0))"),47.5) -> 47.5 | I12: =IFERROR(__xludf.DUMMYFUNCTION("AVERAGE(FILTER({'527'!I12,'528'!I12,'529'!I12}, {'527'!I12,'528'!I12,'529'!I12} <>0))"),30.0) -> 30 | J12: =IFERROR(__xludf.DUMMYFUNCTION("AVERAGE(FILTER({'527'!J12,'528'!J12,'529'!J12}, {'527'!J12,'528'!J12,'529'!J12} <>0))"),31.666666666666668) -> 31.666667 | K12: =IFERROR(__xludf.DUMMYFUNCTION("AVERAGE(FILTER({'527'!K12,'528'!K12,'529'!K12}, {'527'!K12,'528'!K12,'529'!K12} <>0))"),35.0) -> 35 | L12: =IFERROR(__xludf.DUMMYFUNCTION("AVERAGE(FILTER({'527'!L12,'528'!L12,'529'!L12}, {'527'!L12,'528'!L12,'529'!L12} <>0))"),43.333333333333336) -> 43.333333 | M12: =IFERROR(__xludf.DUMMYFUNCTION("AVERAGE(FILTER({'527'!M12,'528'!M12,'529'!M12}, {'527'!M12,'528'!M12,'529'!M12} <>0))"),35.0) -> 35 | N12: =IFERROR(__xludf.DUMMYFUNCTION("AVERAGE(FILTER({'527'!N12,'528'!N12,'529'!N12}, {'527'!N12,'528'!N12,'529'!N12} <>0))"),36.0) -> 36 | O12: =IFERROR(__xludf.DUMMYFUNCTION("AVERAGE(FILTER({'527'!O12,'528'!O12,'529'!O12}, {'527'!O12,'528'!O12,'529'!O12} <>0))"),30.0) -> 30 | P12: =IFERROR(__xludf.DUMMYFUNCTION("AVERAGE(FILTER({'527'!P12,'528'!P12,'529'!P12}, {'527'!P12,'528'!P12,'529'!P12} <>0))"),42.5) -> 42.5 | R12: =IFERROR(__xludf.DUMMYFUNCTION("COUNT(FILTER({'522'!C12:P12,'523'!C12:P12,'524'!C12:P12,'525'!C12:P12,'526'!C12:P12,'527'!C12:P12,'528'!C12:P12,'529'!C12:P12}, {'522'!C12:P12,'523'!C12:P12,'524'!C12:P12,'525'!C12:P12,'526'!C12:P12,'527'!C12:P12,'528'!C12:P12,'529'!C12:P12} =0))"),23.0) -> 23 | T12: =IFERROR(__xludf.DUMMYFUNCTION("R12 - COUNT(FILTER({'522'!C15:P15,'523'!C14:P14,'524'!C14:P14,'529'!C14:P14,'527'!C14:P14,'525'!C14:P14,'526'!C14:P14,'528'!C14:P14}, {'522'!C15:P15,'523'!C14:P14,'524'!C14:P14,'529'!C14:P14,'527'!C14:P14,'525'!C14:P14,'526'!C14:P14,'528'!C14:P14} = 2))"),3.0) -> 3
B13: Yoshi's Adventure | C13: =IFERROR(__xludf.DUMMYFUNCTION("AVERAGE(FILTER({'527'!C13,'528'!C13,'529'!C13}, {'527'!C13,'528'!C13,'529'!C13} <>0))"),20.0) -> 20 | D13: =IFERROR(__xludf.DUMMYFUNCTION("AVERAGE(FILTER({'527'!D13,'528'!D13,'529'!D13}, {'527'!D13,'528'!D13,'529'!D13} <>0))"),46.666666666666664) -> 46.666667 | E13: =IFERROR(__xludf.DUMMYFUNCTION("AVERAGE(FILTER({'527'!E13,'528'!E13,'529'!E13}, {'527'!E13,'528'!E13,'529'!E13} <>0))"),76.66666666666667) -> 76.666667 | F13: =IFERROR(__xludf.DUMMYFUNCTION("AVERAGE(FILTER({'527'!F13,'528'!F13,'529'!F13}, {'527'!F13,'528'!F13,'529'!F13} <>0))"),60.0) -> 60 | G13: =IFERROR(__xludf.DUMMYFUNCTION("AVERAGE(FILTER({'527'!G13,'528'!G13,'529'!G13}, {'527'!G13,'528'!G13,'529'!G13} <>0))"),43.333333333333336) -> 43.333333 | H13: =IFERROR(__xludf.DUMMYFUNCTION("AVERAGE(FILTER({'527'!H13,'528'!H13,'529'!H13}, {'527'!H13,'528'!H13,'529'!H13} <>0))"),55.0) -> 55 | I13: =IFERROR(__xludf.DUMMYFUNCTION("AVERAGE(FILTER({'527'!I13,'528'!I13,'529'!I13}, {'527'!I13,'528'!I13,'529'!I13} <>0))"),38.333333333333336) -> 38.333333 | J13: =IFERROR(__xludf.DUMMYFUNCTION("AVERAGE(FILTER({'527'!J13,'528'!J13,'529'!J13}, {'527'!J13,'528'!J13,'529'!J13} <>0))"),36.666666666666664) -> 36.666667 | K13: =IFERROR(__xludf.DUMMYFUNCTION("AVERAGE(FILTER({'527'!K13,'528'!K13,'529'!K13}, {'527'!K13,'528'!K13,'529'!K13} <>0))"),41.666666666666664) -> 41.666667 | L13: =IFERROR(__xludf.DUMMYFUNCTION("AVERAGE(FILTER({'527'!L13,'528'!L13,'529'!L13}, {'527'!L13,'528'!L13,'529'!L13} <>0))"),40.0) -> 40 | M13: =IFERROR(__xludf.DUMMYFUNCTION("AVERAGE(FILTER({'527'!M13,'528'!M13,'529'!M13}, {'527'!M13,'528'!M13,'529'!M13} <>0))"),30.0) -> 30 | N13: =IFERROR(__xludf.DUMMYFUNCTION("AVERAGE(FILTER({'527'!N13,'528'!N13,'529'!N13}, {'527'!N13,'528'!N13,'529'!N13} <>0))"),26.0) -> 26 | O13: =IFERROR(__xludf.DUMMYFUNCTION("AVERAGE(FILTER({'527'!O13,'528'!O13,'529'!O13}, {'527'!O13,'528'!O13,'529'!O13} <>0))"),25.0) -> 25 | P13: =IFERROR(__xludf.DUMMYFUNCTION("AVERAGE(FILTER({'527'!P13,'528'!P13,'529'!P13}, {'527'!P13,'528'!P13,'529'!P13} <>0))"),10.0) -> 10 | R13: =IFERROR(__xludf.DUMMYFUNCTION("COUNT(FILTER({'522'!C13:P13,'523'!C13:P13,'524'!C13:P13,'525'!C13:P13,'526'!C13:P13,'527'!C13:P13,'528'!C13:P13,'529'!C13:P13}, {'522'!C13:P13,'523'!C13:P13,'524'!C13:P13,'525'!C13:P13,'526'!C13:P13,'527'!C13:P13,'528'!C13:P13,'529'!C13:P13} =0))"),26.0) -> 26 | T13: =IFERROR(__xludf.DUMMYFUNCTION("R13 - COUNT(FILTER({'522'!C15:P15,'523'!C14:P14,'524'!C14:P14,'529'!C14:P14,'527'!C14:P14,'525'!C14:P14,'526'!C14:P14,'528'!C14:P14}, {'522'!C15:P15,'523'!C14:P14,'524'!C14:P14,'529'!C14:P14,'527'!C14:P14,'525'!C14:P14,'526'!C14:P14,'528'!C14:P14} = 2))"),6.0) -> 6
A14: Average Wait Time For Time | C14: =AVERAGE(C3:C13) -> 45.681818 | D14: =AVERAGE(D3:D13) -> 68.712121 | E14: =AVERAGE(E3:E13) -> 76.363636 | F14: =AVERAGE(F3:F13) -> 76.515152 | G14: =AVERAGE(G3:G13) -> 68.030303 | H14: =AVERAGE(H3:H13) -> 67.5 | I14: =AVERAGE(I3:I13) -> 62.80303 | J14: =AVERAGE(J3:J13) -> 66.742424 | ... P14: =AVERAGE(P3:P13) -> 49.318182
